# MySQL查询补充

### 1、MySQL UNION 操作符

#### 1.1、描述

MySQL UNION 操作符用于连接两个以上的 SELECT 语句的结果组合到一个结果集合中。多个 SELECT 语句会删除重复的数据 。

#### 1.2、语法

MySQL UNION 操作符语法格式： 

```sql
SELECT expression1, expression2, ... expression_n
FROM tables
[WHERE conditions]
UNION [ALL | DISTINCT]
SELECT expression1, expression2, ... expression_n
FROM tables
[WHERE conditions];
```

#### 1.3、参数

- **expression1, expression2, ... expression_n**: 要检索的列。
- **tables:** 要检索的数据表。
- **WHERE conditions:** 可选， 检索条件。
- **DISTINCT:** 可选，删除结果集中重复的数据。默认情况下 UNION 操作符已经删除了重复数据，所以 DISTINCT 修饰符对结果没啥影响。
- **ALL:** 可选，返回所有结果集，包含重复数据。

#### 演示数据库

下面是选自 "Websites" 表的数据： 

```sql
mysql> SELECT * FROM Websites;
+----+--------------+---------------------------+-------+---------+
| id | name         | url                       | alexa | country |
+----+--------------+---------------------------+-------+---------+
| 1  | Google       | https://www.google.cm/    | 1     | USA     |
| 2  | 淘宝          | https://www.taobao.com/   | 13    | CN      |
| 3  | 菜鸟教程      | http://www.runoob.com/    | 4689  | CN      |
| 4  | 微博          | http://weibo.com/         | 20    | CN      |
| 5  | Facebook     | https://www.facebook.com/ | 3     | USA     |
| 7  | stackoverflow | http://stackoverflow.com/ |   0 | IND     |
+----+---------------+---------------------------+-------+---------+
```

下面是 "apps" APP 的数据： 

```sql
mysql> SELECT * FROM apps;
+----+------------+-------------------------+---------+
| id | app_name   | url                     | country |
+----+------------+-------------------------+---------+
|  1 | QQ APP     | http://im.qq.com/       | CN      |
|  2 | 微博 APP | http://weibo.com/       | CN      |
|  3 | 淘宝 APP | https://www.taobao.com/ | CN      |
+----+------------+-------------------------+---------+
3 rows in set (0.00 sec)
```

#### SQL UNION 实例

下面的 SQL 语句从 "Websites" 和 "apps" 表中选取所有**不同的**country（只有不同的值） :

```sql
SELECT country FROM Websites
UNION
SELECT country FROM apps
ORDER BY country;
```

执行以上 SQL 输出结果如下： 

```sql
+---------+
| country |
+---------+
|   CN	  |
|   IND	  |
|   USA   |
+---------+
```

**注释：**UNION 不能用于列出两个表中所有的country。如果一些网站和APP来自同一个国家，每个国家只会列出一次。UNION 只会选取不同的值。请使用 UNION ALL 来选取重复的值！ 

#### SQL UNION ALL 实例

下面的 SQL 语句使用 UNION ALL 从 "Websites" 和 "apps" 表中选取**所有的**country（也有重复的值）： 

```sql
SELECT country FROM Websites
UNION ALL
SELECT country FROM apps
ORDER BY country;
```

```
+---------+
| country |
+---------+
|   CN	  |
|   CN	  |
|   CN	  |
|   CN	  |
|   CN	  |
|   IND	  |
|   USA   |
|   USA   |
|   USA   |
+---------+
```

#### 带有 WHERE 的 SQL UNION ALL

下面的 SQL 语句使用 UNION ALL 从 "Websites" 和 "apps" 表中选取**所有的**中国(CN)的数据（也有重复的值）： 

```sql
SELECT country, name FROM Websites
WHERE country='CN'
UNION ALL
SELECT country, app_name FROM apps
WHERE country='CN'
ORDER BY country;
```

### 2、Mysql 连接的使用

JOIN 按照功能大致分为如下三类：

- **INNER JOIN（内连接,或等值连接）**：获取两个表中字段匹配关系的记录。
- **LEFT JOIN（左连接）：**获取左表所有记录，即使右表没有对应匹配的记录。
- **RIGHT JOIN（右连接）：** 与 LEFT JOIN 相反，用于获取右表所有记录，即使左表没有对应匹配的记录。

#### 2.1、INNER JOIN

我们在RUNOOB数据库中有两张表 tcount_tbl 和 runoob_tbl。两张数据表数据如下： 

尝试以下实例 

```sql
mysql> use RUNOOB;
Database changed
mysql> SELECT * FROM tcount_tbl;
+---------------+--------------+
| runoob_author | runoob_count |
+---------------+--------------+
| 菜鸟教程  | 10           |
| RUNOOB.COM    | 20           |
| Google        | 22           |
+---------------+--------------+
3 rows in set (0.01 sec)
 
mysql> SELECT * from runoob_tbl;
+-----------+---------------+---------------+-----------------+
| runoob_id | runoob_title  | runoob_author | submission_date |
+-----------+---------------+---------------+-----------------+
| 1         | 学习 PHP    | 菜鸟教程  | 2017-04-12      |
| 2         | 学习 MySQL  | 菜鸟教程  | 2017-04-12      |
| 3         | 学习 Java   | RUNOOB.COM    | 2015-05-01      |
| 4         | 学习 Python | RUNOOB.COM    | 2016-03-06      |
| 5         | 学习 C      | FK            | 2017-04-05      |
+-----------+---------------+---------------+-----------------+
5 rows in set (0.01 sec)
```

接下来我们就使用MySQL的**INNER JOIN(也可以省略 INNER 使用 JOIN，效果一样)**来连接以上两张表来读取runoob_tbl表中所有runoob_author字段在tcount_tbl表对应的runoob_count字段值： 

```sql
mysql> SELECT a.runoob_id, a.runoob_author, b.runoob_count FROM runoob_tbl a INNER JOIN tcount_tbl b ON a.runoob_author = b.runoob_author;
+-------------+-----------------+----------------+
| a.runoob_id | a.runoob_author | b.runoob_count |
+-------------+-----------------+----------------+
| 1           | 菜鸟教程    | 10             |
| 2           | 菜鸟教程    | 10             |
| 3           | RUNOOB.COM      | 20             |
| 4           | RUNOOB.COM      | 20             |
+-------------+-----------------+----------------+
4 rows in set (0.00 sec)
```

以上 SQL 语句等价于： 

```sql
mysql> SELECT a.runoob_id, a.runoob_author, b.runoob_count FROM runoob_tbl a, tcount_tbl b WHERE a.runoob_author = b.runoob_author;
+-------------+-----------------+----------------+
| a.runoob_id | a.runoob_author | b.runoob_count |
+-------------+-----------------+----------------+
| 1           | 菜鸟教程    | 10             |
| 2           | 菜鸟教程    | 10             |
| 3           | RUNOOB.COM      | 20             |
| 4           | RUNOOB.COM      | 20             |
+-------------+-----------------+----------------+
4 rows in set (0.01 sec)
```

#### 2.2、MySQL LEFT JOIN

MySQL left join 与 join 有所不同。 MySQL LEFT JOIN 会读取左边数据表的全部数据，即便右边表无对应数据。

```sql
mysql> SELECT a.runoob_id, a.runoob_author, b.runoob_count FROM runoob_tbl a LEFT JOIN tcount_tbl b ON a.runoob_author = b.runoob_author;
+-------------+-----------------+----------------+
| a.runoob_id | a.runoob_author | b.runoob_count |
+-------------+-----------------+----------------+
| 1           | 菜鸟教程    	| 10             |
| 2           | 菜鸟教程    	| 10             |
| 3           | RUNOOB.COM      | 20             |
| 4           | RUNOOB.COM      | 20             |
| 5           | FK              | NULL           |
+-------------+-----------------+----------------+
5 rows in set (0.01 sec)
```

以上实例中使用了 LEFT JOIN，该语句会读取左边的数据表 runoob_tbl 的所有选取的字段数据，即便在右侧表 tcount_tbl中 没有对应的 runoob_author 字段值。 

#### 2.3、MySQL RIGHT JOIN

MySQL RIGHT JOIN 会读取右边数据表的全部数据，即便左边边表无对应数据。 

```sql
mysql> SELECT a.runoob_id, a.runoob_author, b.runoob_count FROM runoob_tbl a RIGHT JOIN tcount_tbl b ON a.runoob_author = b.runoob_author;
+-------------+-----------------+----------------+
| a.runoob_id | a.runoob_author | b.runoob_count |
+-------------+-----------------+----------------+
| 1           | 菜鸟教程   		| 10             |
| 2           | 菜鸟教程   		| 10             |
| 3           | RUNOOB.COM      | 20             |
| 4           | RUNOOB.COM      | 20             |
| NULL        | NULL            | 22             |
+-------------+-----------------+----------------+
5 rows in set (0.01 sec)
```

以上实例中使用了 RIGHT JOIN，该语句会读取右边的数据表 tcount_tbl 的所有选取的字段数据，即便在左侧表 runoob_tbl 中没有对应的runoob_author 字段值。 

### 3、[聚簇索引与非聚簇索引](https://www.cnblogs.com/auxg/p/Cluster-and-NonCluster-index.html)

　